name,description,tenant,app_profile,bridge_domain,phys_domain,vmm_domain,,,
EPG_POD2_VLAN600,,TEN_INET,AP_POD2_ALL,BD_POD2_VLAN600,PHYSDOM_POD2,,,,
EPG_POD2_VLAN601,,TEN_INET,AP_POD2_ALL,BD_POD2_VLAN601,PHYSDOM_POD2,,,,
EPG_POD2_VLAN602,,TEN_INET,AP_POD2_ALL,BD_POD2_VLAN602,PHYSDOM_POD2,,,,
EPG_POD2_VLAN603,,TEN_INET,AP_POD2_ALL,BD_POD2_VLAN603,PHYSDOM_POD2,,,,
EPG_POD2_VLAN604,,TEN_INET,AP_POD2_ALL,BD_POD2_VLAN604,PHYSDOM_POD2,,,,
EPG_POD2_VLAN605,,TEN_INET,AP_POD2_ALL,BD_POD2_VLAN605,PHYSDOM_POD2,,,,
EPG_POD2_VLAN606,,TEN_INET,AP_POD2_ALL,BD_POD2_VLAN606,PHYSDOM_POD2,,,,
EPG_POD2_VLAN607,,TEN_INET,AP_POD2_ALL,BD_POD2_VLAN607,PHYSDOM_POD2,,,,
EPG_POD2_VLAN608,,TEN_INET,AP_POD2_ALL,BD_POD2_VLAN608,PHYSDOM_POD2,,,,
EPG_POD2_VLAN609,,TEN_INET,AP_POD2_ALL,BD_POD2_VLAN609,PHYSDOM_POD2,,,,
EPG_POD2_VLAN610,,TEN_INET,AP_POD2_ALL,BD_POD2_VLAN610,PHYSDOM_POD2,,,,
EPG_POD2_VLAN611,,TEN_INET,AP_POD2_ALL,BD_POD2_VLAN611,PHYSDOM_POD2,,,,
EPG_POD2_VLAN612,,TEN_INET,AP_POD2_ALL,BD_POD2_VLAN612,PHYSDOM_POD2,,,,
EPG_POD2_VLAN613,,TEN_INET,AP_POD2_ALL,BD_POD2_VLAN613,PHYSDOM_POD2,,,,
EPG_POD2_VLAN614,,TEN_INET,AP_POD2_ALL,BD_POD2_VLAN614,PHYSDOM_POD2,,,,
EPG_POD2_VLAN615,,TEN_INET,AP_POD2_ALL,BD_POD2_VLAN615,PHYSDOM_POD2,,,,
EPG_POD2_VLAN616,,TEN_INET,AP_POD2_ALL,BD_POD2_VLAN616,PHYSDOM_POD2,,,,
EPG_POD2_VLAN617,,TEN_INET,AP_POD2_ALL,BD_POD2_VLAN617,PHYSDOM_POD2,,,,
EPG_POD2_VLAN618,,TEN_INET,AP_POD2_ALL,BD_POD2_VLAN618,PHYSDOM_POD2,,,,
EPG_POD2_VLAN619,,TEN_INET,AP_POD2_ALL,BD_POD2_VLAN619,PHYSDOM_POD2,,,,
EPG_POD2_VLAN620,,TEN_INET,AP_POD2_ALL,BD_POD2_VLAN620,PHYSDOM_POD2,,,,
EPG_POD2_VLAN621,,TEN_INET,AP_POD2_ALL,BD_POD2_VLAN621,PHYSDOM_POD2,,,,
EPG_POD2_VLAN622,,TEN_INET,AP_POD2_ALL,BD_POD2_VLAN622,PHYSDOM_POD2,,,,
EPG_POD2_VLAN623,,TEN_INET,AP_POD2_ALL,BD_POD2_VLAN623,PHYSDOM_POD2,,,,
EPG_POD2_VLAN624,,TEN_INET,AP_POD2_ALL,BD_POD2_VLAN624,PHYSDOM_POD2,,,,
EPG_POD2_VLAN625,,TEN_INET,AP_POD2_ALL,BD_POD2_VLAN625,PHYSDOM_POD2,,,,
EPG_POD2_VLAN626,,TEN_INET,AP_POD2_ALL,BD_POD2_VLAN626,PHYSDOM_POD2,,,,
EPG_POD2_VLAN627,,TEN_INET,AP_POD2_ALL,BD_POD2_VLAN627,PHYSDOM_POD2,,,,
EPG_POD2_VLAN628,,TEN_INET,AP_POD2_ALL,BD_POD2_VLAN628,PHYSDOM_POD2,,,,
EPG_POD2_VLAN629,,TEN_INET,AP_POD2_ALL,BD_POD2_VLAN629,PHYSDOM_POD2,,,,
EPG_POD2_VLAN630,,TEN_INET,AP_POD2_ALL,BD_POD2_VLAN630,PHYSDOM_POD2,,,,
EPG_POD2_VLAN631,,TEN_INET,AP_POD2_ALL,BD_POD2_VLAN631,PHYSDOM_POD2,,,,
EPG_POD2_VLAN632,,TEN_INET,AP_POD2_ALL,BD_POD2_VLAN632,PHYSDOM_POD2,POD2_ACI_dvSwitch1,,,
EPG_POD2_VLAN633,,TEN_INET,AP_POD2_ALL,BD_POD2_VLAN633,PHYSDOM_POD2,,,,
EPG_POD2_VLAN634,,TEN_INET,AP_POD2_ALL,BD_POD2_VLAN634,PHYSDOM_POD2,,,,
EPG_POD2_VLAN635,,TEN_INET,AP_POD2_ALL,BD_POD2_VLAN635,PHYSDOM_POD2,,,,
EPG_POD2_VLAN636,,TEN_INET,AP_POD2_ALL,BD_POD2_VLAN636,PHYSDOM_POD2,,,,
EPG_POD2_VLAN637,,TEN_INET,AP_POD2_ALL,BD_POD2_VLAN637,PHYSDOM_POD2,,,,
EPG_POD2_VLAN638,,TEN_INET,AP_POD2_ALL,BD_POD2_VLAN638,PHYSDOM_POD2,,,,
EPG_POD2_VLAN639,,TEN_INET,AP_POD2_ALL,BD_POD2_VLAN639,PHYSDOM_POD2,,,,
EPG_POD2_VLAN640,,TEN_INET,AP_POD2_ALL,BD_POD2_VLAN640,PHYSDOM_POD2,,,,
EPG_POD2_VLAN641,,TEN_INET,AP_POD2_ALL,BD_POD2_VLAN641,PHYSDOM_POD2,,,,
EPG_POD2_VLAN642,,TEN_INET,AP_POD2_ALL,BD_POD2_VLAN642,PHYSDOM_POD2,,,,
EPG_POD2_VLAN643,,TEN_INET,AP_POD2_ALL,BD_POD2_VLAN643,PHYSDOM_POD2,,,,
EPG_POD2_VLAN644,,TEN_INET,AP_POD2_ALL,BD_POD2_VLAN644,PHYSDOM_POD2,,,,
EPG_POD2_VLAN645,,TEN_INET,AP_POD2_ALL,BD_POD2_VLAN645,PHYSDOM_POD2,,,,
EPG_POD2_VLAN646,,TEN_INET,AP_POD2_ALL,BD_POD2_VLAN646,PHYSDOM_POD2,,,,
EPG_POD2_VLAN647,,TEN_INET,AP_POD2_ALL,BD_POD2_VLAN647,PHYSDOM_POD2,POD2_ACI_dvSwitch1,,,
EPG_POD2_VLAN648,,TEN_INET,AP_POD2_ALL,BD_POD2_VLAN648,PHYSDOM_POD2,POD2_ACI_dvSwitch1,,,
EPG_POD2_VLAN649,,TEN_INET,AP_POD2_ALL,BD_POD2_VLAN649,PHYSDOM_POD2,,,,
EPG_POD2_VLAN650,,TEN_INET,AP_POD2_ALL,BD_POD2_VLAN650,PHYSDOM_POD2,,,,
EPG_POD2_VLAN651,,TEN_INET,AP_POD2_ALL,BD_POD2_VLAN651,PHYSDOM_POD2,,,,
EPG_POD2_VLAN652,,TEN_INET,AP_POD2_ALL,BD_POD2_VLAN652,PHYSDOM_POD2,POD2_ACI_dvSwitch1,,,
EPG_POD2_VLAN653,,TEN_INET,AP_POD2_ALL,BD_POD2_VLAN653,PHYSDOM_POD2,,,,
EPG_POD2_VLAN654,,TEN_INET,AP_POD2_ALL,BD_POD2_VLAN654,PHYSDOM_POD2,,,,
EPG_POD2_VLAN655,,TEN_INET,AP_POD2_ALL,BD_POD2_VLAN655,PHYSDOM_POD2,,,,
EPG_POD2_VLAN656,,TEN_INET,AP_POD2_ALL,BD_POD2_VLAN656,PHYSDOM_POD2,,,,
EPG_POD2_VLAN657,,TEN_INET,AP_POD2_ALL,BD_POD2_VLAN657,PHYSDOM_POD2,,,,
EPG_POD2_VLAN658,,TEN_INET,AP_POD2_ALL,BD_POD2_VLAN658,PHYSDOM_POD2,,,,
EPG_POD2_VLAN659,,TEN_INET,AP_POD2_ALL,BD_POD2_VLAN659,PHYSDOM_POD2,,,,
EPG_POD2_VLAN800,,TEN_INET,AP_POD2_ALL,BD_POD2_VLAN800,PHYSDOM_POD2,,,,
EPG_POD2_VLAN801,,TEN_INET,AP_POD2_ALL,BD_POD2_VLAN801,PHYSDOM_POD2,,,,
EPG_POD2_VLAN802,,TEN_INET,AP_POD2_ALL,BD_POD2_VLAN802,PHYSDOM_POD2,POD2_ACI_dvSwitch1,,,
EPG_POD2_VLAN803,,TEN_INET,AP_POD2_ALL,BD_POD2_VLAN803,PHYSDOM_POD2,POD2_ACI_dvSwitch1,,,
EPG_POD2_VLAN804,,TEN_INET,AP_POD2_ALL,BD_POD2_VLAN804,PHYSDOM_POD2,POD2_ACI_dvSwitch1,,,
EPG_POD2_VLAN805,,TEN_INET,AP_POD2_ALL,BD_POD2_VLAN805,PHYSDOM_POD2,POD2_ACI_dvSwitch1,,,
EPG_POD2_VLAN806,,TEN_INET,AP_POD2_ALL,BD_POD2_VLAN806,PHYSDOM_POD2,,,,
EPG_POD1_VLAN100,,TEN_INET,AP_POD1_ALL,BD_POD1_VLAN100,PHYSDOM_POD1,POD1_ACI_dvSwitch1,,,
EPG_POD1_VLAN101,,TEN_INET,AP_POD1_ALL,BD_POD1_VLAN101,PHYSDOM_POD1,,,,
EPG_POD1_VLAN102,,TEN_INET,AP_POD1_ALL,BD_POD1_VLAN102,PHYSDOM_POD1,,,,
EPG_POD1_VLAN103,,TEN_INET,AP_POD1_ALL,BD_POD1_VLAN103,PHYSDOM_POD1,,,,
EPG_POD1_VLAN104,,TEN_INET,AP_POD1_ALL,BD_POD1_VLAN104,PHYSDOM_POD1,POD1_ACI_dvSwitch1,,,
EPG_POD1_VLAN105,,TEN_INET,AP_POD1_ALL,BD_POD1_VLAN105,PHYSDOM_POD1,POD1_ACI_dvSwitch1,,,
EPG_POD1_VLAN106,,TEN_INET,AP_POD1_ALL,BD_POD1_VLAN106,PHYSDOM_POD1,POD1_ACI_dvSwitch1,,,
EPG_POD1_VLAN107,,TEN_INET,AP_POD1_ALL,BD_POD1_VLAN107,PHYSDOM_POD1,,,,
EPG_POD1_VLAN108,,TEN_INET,AP_POD1_ALL,BD_POD1_VLAN108,PHYSDOM_POD1,,,,
EPG_POD1_VLAN109,,TEN_INET,AP_POD1_ALL,BD_POD1_VLAN109,PHYSDOM_POD1,POD1_ACI_dvSwitch1,,,
EPG_POD1_VLAN110,,TEN_INET,AP_POD1_ALL,BD_POD1_VLAN110,PHYSDOM_POD1,,,,
EPG_POD1_VLAN113,,TEN_INET,AP_POD1_ALL,BD_POD1_VLAN113,PHYSDOM_POD1,POD1_ACI_dvSwitch1,,,
EPG_POD1_VLAN114,,TEN_INET,AP_POD1_ALL,BD_POD1_VLAN114,PHYSDOM_POD1,POD1_ACI_dvSwitch1,,,
EPG_POD1_VLAN115,,TEN_INET,AP_POD1_ALL,BD_POD1_VLAN115,PHYSDOM_POD1,,,,
EPG_POD1_VLAN116,,TEN_INET,AP_POD1_ALL,BD_POD1_VLAN116,PHYSDOM_POD1,,,,
EPG_POD1_VLAN117,,TEN_INET,AP_POD1_ALL,BD_POD1_VLAN117,PHYSDOM_POD1,,,,
EPG_POD1_VLAN118,,TEN_INET,AP_POD1_ALL,BD_POD1_VLAN118,PHYSDOM_POD1,,,,
EPG_POD1_VLAN119,,TEN_INET,AP_POD1_ALL,BD_POD1_VLAN119,PHYSDOM_POD1,,,,
EPG_POD1_VLAN120,,TEN_INET,AP_POD1_ALL,BD_POD1_VLAN120,PHYSDOM_POD1,,,,
EPG_POD1_VLAN121,,TEN_INET,AP_POD1_ALL,BD_POD1_VLAN121,PHYSDOM_POD1,,,,
EPG_POD1_VLAN122,,TEN_INET,AP_POD1_ALL,BD_POD1_VLAN122,PHYSDOM_POD1,,,,
EPG_POD1_VLAN123,,TEN_INET,AP_POD1_ALL,BD_POD1_VLAN123,PHYSDOM_POD1,,,,
EPG_POD1_VLAN124,,TEN_INET,AP_POD1_ALL,BD_POD1_VLAN124,PHYSDOM_POD1,,,,
EPG_POD1_VLAN125,,TEN_INET,AP_POD1_ALL,BD_POD1_VLAN125,PHYSDOM_POD1,,,,
EPG_POD1_VLAN126,,TEN_INET,AP_POD1_ALL,BD_POD1_VLAN126,PHYSDOM_POD1,,,,
EPG_POD1_VLAN127,,TEN_INET,AP_POD1_ALL,BD_POD1_VLAN127,PHYSDOM_POD1,,,,
EPG_POD1_VLAN128,,TEN_INET,AP_POD1_ALL,BD_POD1_VLAN128,PHYSDOM_POD1,,,,
EPG_POD1_VLAN129,,TEN_INET,AP_POD1_ALL,BD_POD1_VLAN129,PHYSDOM_POD1,,,,
EPG_POD1_VLAN130,,TEN_INET,AP_POD1_ALL,BD_POD1_VLAN130,PHYSDOM_POD1,,,,
EPG_POD1_VLAN131,,TEN_INET,AP_POD1_ALL,BD_POD1_VLAN131,PHYSDOM_POD1,,,,
EPG_POD1_VLAN132,,TEN_INET,AP_POD1_ALL,BD_POD1_VLAN132,PHYSDOM_POD1,,,,
EPG_POD1_VLAN133,,TEN_INET,AP_POD1_ALL,BD_POD1_VLAN133,PHYSDOM_POD1,,,,
EPG_POD1_VLAN134,,TEN_INET,AP_POD1_ALL,BD_POD1_VLAN134,PHYSDOM_POD1,,,,
EPG_POD1_VLAN135,,TEN_INET,AP_POD1_ALL,BD_POD1_VLAN135,PHYSDOM_POD1,,,,
EPG_POD1_VLAN136,,TEN_INET,AP_POD1_ALL,BD_POD1_VLAN136,PHYSDOM_POD1,,,,
EPG_POD1_VLAN137,,TEN_INET,AP_POD1_ALL,BD_POD1_VLAN137,PHYSDOM_POD1,,,,
EPG_POD1_VLAN138,,TEN_INET,AP_POD1_ALL,BD_POD1_VLAN138,PHYSDOM_POD1,,,,
EPG_POD1_VLAN139,,TEN_INET,AP_POD1_ALL,BD_POD1_VLAN139,PHYSDOM_POD1,,,,
EPG_POD1_VLAN140,,TEN_INET,AP_POD1_ALL,BD_POD1_VLAN140,PHYSDOM_POD1,,,,
EPG_POD1_VLAN141,,TEN_INET,AP_POD1_ALL,BD_POD1_VLAN141,PHYSDOM_POD1,,,,
EPG_POD1_VLAN142,,TEN_INET,AP_POD1_ALL,BD_POD1_VLAN142,PHYSDOM_POD1,,,,
EPG_POD1_VLAN143,,TEN_INET,AP_POD1_ALL,BD_POD1_VLAN143,PHYSDOM_POD1,,,,
EPG_POD1_VLAN144,,TEN_INET,AP_POD1_ALL,BD_POD1_VLAN144,PHYSDOM_POD1,,,,
EPG_POD1_VLAN145,,TEN_INET,AP_POD1_ALL,BD_POD1_VLAN145,PHYSDOM_POD1,,,,
EPG_POD1_VLAN146,,TEN_INET,AP_POD1_ALL,BD_POD1_VLAN146,PHYSDOM_POD1,,,,
EPG_POD1_VLAN147,,TEN_INET,AP_POD1_ALL,BD_POD1_VLAN147,PHYSDOM_POD1,,,,
EPG_POD1_VLAN148,,TEN_INET,AP_POD1_ALL,BD_POD1_VLAN148,PHYSDOM_POD1,,,,
EPG_POD1_VLAN149,,TEN_INET,AP_POD1_ALL,BD_POD1_VLAN149,PHYSDOM_POD1,,,,
EPG_POD1_VLAN150,,TEN_INET,AP_POD1_ALL,BD_POD1_VLAN150,PHYSDOM_POD1,,,,
EPG_POD1_VLAN151,,TEN_INET,AP_POD1_ALL,BD_POD1_VLAN151,PHYSDOM_POD1,,,,
EPG_POD1_VLAN152,,TEN_INET,AP_POD1_ALL,BD_POD1_VLAN152,PHYSDOM_POD1,,,,
EPG_POD1_VLAN153,,TEN_INET,AP_POD1_ALL,BD_POD1_VLAN153,PHYSDOM_POD1,,,,
EPG_POD1_VLAN154,,TEN_INET,AP_POD1_ALL,BD_POD1_VLAN154,PHYSDOM_POD1,,,,
EPG_POD1_VLAN155,,TEN_INET,AP_POD1_ALL,BD_POD1_VLAN155,PHYSDOM_POD1,,,,
EPG_POD1_VLAN156,,TEN_INET,AP_POD1_ALL,BD_POD1_VLAN156,PHYSDOM_POD1,,,,
EPG_POD1_VLAN157,,TEN_INET,AP_POD1_ALL,BD_POD1_VLAN157,PHYSDOM_POD1,,,,
EPG_POD1_VLAN158,,TEN_INET,AP_POD1_ALL,BD_POD1_VLAN158,PHYSDOM_POD1,,,,
EPG_POD1_VLAN159,,TEN_INET,AP_POD1_ALL,BD_POD1_VLAN159,PHYSDOM_POD1,,,,
EPG_POD1_VLAN160,,TEN_INET,AP_POD1_ALL,BD_POD1_VLAN160,PHYSDOM_POD1,,,,
EPG_POD1_VLAN161,,TEN_INET,AP_POD1_ALL,BD_POD1_VLAN161,PHYSDOM_POD1,,,,
EPG_POD1_VLAN162,,TEN_INET,AP_POD1_ALL,BD_POD1_VLAN162,PHYSDOM_POD1,,,,
EPG_POD1_VLAN163,,TEN_INET,AP_POD1_ALL,BD_POD1_VLAN163,PHYSDOM_POD1,,,,
EPG_POD1_VLAN164,,TEN_INET,AP_POD1_ALL,BD_POD1_VLAN164,PHYSDOM_POD1,,,,
EPG_POD1_VLAN165,,TEN_INET,AP_POD1_ALL,BD_POD1_VLAN165,PHYSDOM_POD1,,,,
EPG_POD1_VLAN166,,TEN_INET,AP_POD1_ALL,BD_POD1_VLAN166,PHYSDOM_POD1,,,,
EPG_POD1_VLAN167,,TEN_INET,AP_POD1_ALL,BD_POD1_VLAN167,PHYSDOM_POD1,,,,
EPG_POD1_VLAN168,,TEN_INET,AP_POD1_ALL,BD_POD1_VLAN168,PHYSDOM_POD1,,,,
EPG_POD1_VLAN169,,TEN_INET,AP_POD1_ALL,BD_POD1_VLAN169,PHYSDOM_POD1,,,,
EPG_POD1_VLAN170,,TEN_INET,AP_POD1_ALL,BD_POD1_VLAN170,PHYSDOM_POD1,POD1_ACI_dvSwitch1,,,
EPG_POD1_VLAN171,,TEN_INET,AP_POD1_ALL,BD_POD1_VLAN171,PHYSDOM_POD1,POD1_ACI_dvSwitch1,,,
EPG_POD1_VLAN172,,TEN_INET,AP_POD1_ALL,BD_POD1_VLAN172,PHYSDOM_POD1,POD1_ACI_dvSwitch1,,,
EPG_POD1_VLAN173,,TEN_INET,AP_POD1_ALL,BD_POD1_VLAN173,PHYSDOM_POD1,POD1_ACI_dvSwitch1,,,
EPG_POD1_VLAN174,,TEN_INET,AP_POD1_ALL,BD_POD1_VLAN174,PHYSDOM_POD1,POD1_ACI_dvSwitch1,,,
EPG_POD1_VLAN175,,TEN_INET,AP_POD1_ALL,BD_POD1_VLAN175,PHYSDOM_POD1,,,,
EPG_POD1_VLAN176,,TEN_INET,AP_POD1_ALL,BD_POD1_VLAN176,PHYSDOM_POD1,POD1_ACI_dvSwitch1,,,
EPG_POD1_VLAN177,,TEN_INET,AP_POD1_ALL,BD_POD1_VLAN177,PHYSDOM_POD1,,,,
EPG_POD1_VLAN178,,TEN_INET,AP_POD1_ALL,BD_POD1_VLAN178,PHYSDOM_POD1,POD1_ACI_dvSwitch1,,,
EPG_POD1_VLAN179,,TEN_INET,AP_POD1_ALL,BD_POD1_VLAN179,PHYSDOM_POD1,,,,
EPG_POD1_VLAN180,,TEN_INET,AP_POD1_ALL,BD_POD1_VLAN180,PHYSDOM_POD1,,,,
EPG_POD1_VLAN181,,TEN_INET,AP_POD1_ALL,BD_POD1_VLAN181,PHYSDOM_POD1,POD1_ACI_dvSwitch1,,,
EPG_POD1_VLAN182,,TEN_INET,AP_POD1_ALL,BD_POD1_VLAN182,PHYSDOM_POD1,POD1_ACI_dvSwitch1,,,
EPG_POD1_VLAN183,,TEN_INET,AP_POD1_ALL,BD_POD1_VLAN183,PHYSDOM_POD1,POD1_ACI_dvSwitch1,,,
EPG_POD1_VLAN184,,TEN_INET,AP_POD1_ALL,BD_POD1_VLAN184,PHYSDOM_POD1,,,,
EPG_POD1_VLAN185,,TEN_INET,AP_POD1_ALL,BD_POD1_VLAN185,PHYSDOM_POD1,,,,
EPG_POD1_VLAN186,,TEN_INET,AP_POD1_ALL,BD_POD1_VLAN186,PHYSDOM_POD1,,,,
EPG_POD1_VLAN187,,TEN_INET,AP_POD1_ALL,BD_POD1_VLAN187,PHYSDOM_POD1,,,,
EPG_POD1_VLAN188,,TEN_INET,AP_POD1_ALL,BD_POD1_VLAN188,PHYSDOM_POD1,,,,
EPG_POD1_VLAN189,,TEN_INET,AP_POD1_ALL,BD_POD1_VLAN189,PHYSDOM_POD1,,,,
EPG_POD1_VLAN190,,TEN_INET,AP_POD1_ALL,BD_POD1_VLAN190,PHYSDOM_POD1,,,,
EPG_POD1_VLAN191,,TEN_INET,AP_POD1_ALL,BD_POD1_VLAN191,PHYSDOM_POD1,,,,
EPG_POD1_VLAN192,,TEN_INET,AP_POD1_ALL,BD_POD1_VLAN192,PHYSDOM_POD1,,,,
EPG_POD1_VLAN193,,TEN_INET,AP_POD1_ALL,BD_POD1_VLAN193,PHYSDOM_POD1,,,,
EPG_POD1_VLAN194,,TEN_INET,AP_POD1_ALL,BD_POD1_VLAN194,PHYSDOM_POD1,,,,
EPG_POD1_VLAN195,,TEN_INET,AP_POD1_ALL,BD_POD1_VLAN195,PHYSDOM_POD1,,,,
EPG_POD1_VLAN196,,TEN_INET,AP_POD1_ALL,BD_POD1_VLAN196,PHYSDOM_POD1,POD1_ACI_dvSwitch1,,,
EPG_POD1_VLAN197,,TEN_INET,AP_POD1_ALL,BD_POD1_VLAN197,PHYSDOM_POD1,,,,
EPG_POD1_VLAN198,,TEN_INET,AP_POD1_ALL,BD_POD1_VLAN198,PHYSDOM_POD1,,,,
EPG_POD1_VLAN199,,TEN_INET,AP_POD1_ALL,BD_POD1_VLAN199,PHYSDOM_POD1,POD1_ACI_dvSwitch1,,,
EPG_POD1_VLAN200,,TEN_INET,AP_POD1_ALL,BD_POD1_VLAN200,PHYSDOM_POD1,POD1_ACI_dvSwitch1,,,
EPG_POD1_VLAN201,,TEN_INET,AP_POD1_ALL,BD_POD1_VLAN201,PHYSDOM_POD1,POD1_ACI_dvSwitch1,,,
EPG_POD1_VLAN202,,TEN_INET,AP_POD1_ALL,BD_POD1_VLAN202,PHYSDOM_POD1,POD1_ACI_dvSwitch1,,,
EPG_POD1_VLAN203,,TEN_INET,AP_POD1_ALL,BD_POD1_VLAN203,PHYSDOM_POD1,POD1_ACI_dvSwitch1,,,
EPG_POD1_VLAN204,,TEN_INET,AP_POD1_ALL,BD_POD1_VLAN204,PHYSDOM_POD1,POD1_ACI_dvSwitch1,,,
EPG_POD1_VLAN205,,TEN_INET,AP_POD1_ALL,BD_POD1_VLAN205,PHYSDOM_POD1,POD1_ACI_dvSwitch1,,,
EPG_POD1_VLAN206,,TEN_INET,AP_POD1_ALL,BD_POD1_VLAN206,PHYSDOM_POD1,POD1_ACI_dvSwitch1,,,
EPG_POD1_VLAN207,,TEN_INET,AP_POD1_ALL,BD_POD1_VLAN207,PHYSDOM_POD1,POD1_ACI_dvSwitch1,,,
EPG_POD1_VLAN208,,TEN_INET,AP_POD1_ALL,BD_POD1_VLAN208,PHYSDOM_POD1,POD1_ACI_dvSwitch1,,,
EPG_POD1_VLAN209,,TEN_INET,AP_POD1_ALL,BD_POD1_VLAN209,PHYSDOM_POD1,POD1_ACI_dvSwitch1,,,
EPG_POD1_VLAN210,,TEN_INET,AP_POD1_ALL,BD_POD1_VLAN210,PHYSDOM_POD1,POD1_ACI_dvSwitch1,,,
EPG_POD1_VLAN211,,TEN_INET,AP_POD1_ALL,BD_POD1_VLAN211,PHYSDOM_POD1,POD1_ACI_dvSwitch1,,,
EPG_POD1_VLAN212,,TEN_INET,AP_POD1_ALL,BD_POD1_VLAN212,PHYSDOM_POD1,POD1_ACI_dvSwitch1,,,
EPG_POD1_VLAN213,,TEN_INET,AP_POD1_ALL,BD_POD1_VLAN213,PHYSDOM_POD1,,,,
EPG_POD1_VLAN214,,TEN_INET,AP_POD1_ALL,BD_POD1_VLAN214,PHYSDOM_POD1,,,,
EPG_POD1_VLAN215,,TEN_INET,AP_POD1_ALL,BD_POD1_VLAN215,PHYSDOM_POD1,,,,
EPG_POD1_VLAN216,,TEN_PROJECT,AP_POD1_ALL,BD_POD1_VLAN216,PHYSDOM_POD1,,,,
EPG_POD1_VLAN217,,TEN_PROJECT,AP_POD1_ALL,BD_POD1_VLAN217,PHYSDOM_POD1,,,,
EPG_POD1_VLAN218,,TEN_PROJECT,AP_POD1_ALL,BD_POD1_VLAN218,PHYSDOM_POD1,,,,
EPG_POD1_VLAN219,,TEN_PROJECT,AP_POD1_ALL,BD_POD1_VLAN219,PHYSDOM_POD1,POD1_ACI_dvSwitch1,,,
EPG_POD1_VLAN220,,TEN_PROJECT,AP_POD1_ALL,BD_POD1_VLAN220,PHYSDOM_POD1,,,,
EPG_POD1_VLAN221,,TEN_PROJECT,AP_POD1_ALL,BD_POD1_VLAN221,PHYSDOM_POD1,,,,
EPG_POD1_VLAN222,,TEN_PROJECT,AP_POD1_ALL,BD_POD1_VLAN222,PHYSDOM_POD1,,,,
EPG_POD1_VLAN223,,TEN_PROJECT,AP_POD1_ALL,BD_POD1_VLAN223,PHYSDOM_POD1,,,,
EPG_POD1_VLAN224,,TEN_INET,AP_POD1_ALL,BD_POD1_VLAN224,PHYSDOM_POD1,,,,
EPG_POD1_VLAN225,,TEN_ADMINISTRATION,AP_POD1_ALL,BD_POD1_VLAN225,PHYSDOM_POD1,POD1_ACI_dvSwitch1,,,
EPG_POD1_VLAN226,,TEN_INET,AP_POD1_ALL,BD_POD1_VLAN226,PHYSDOM_POD1,,,,
EPG_POD1_VLAN227,,TEN_INET,AP_POD1_ALL,BD_POD1_VLAN227,PHYSDOM_POD1,POD1_ACI_dvSwitch1,,,
EPG_POD1_VLAN228,,TEN_INET,AP_POD1_ALL,BD_POD1_VLAN228,PHYSDOM_POD1,POD1_ACI_dvSwitch1,,,
EPG_POD1_VLAN229,,TEN_INET,AP_POD1_ALL,BD_POD1_VLAN229,PHYSDOM_POD1,POD1_ACI_dvSwitch1,,,
EPG_POD1_VLAN230,,TEN_INET,AP_POD1_ALL,BD_POD1_VLAN230,PHYSDOM_POD1,POD1_ACI_dvSwitch1,,,
EPG_POD1_VLAN231,,TEN_INET,AP_POD1_ALL,BD_POD1_VLAN231,PHYSDOM_POD1,POD1_ACI_dvSwitch1,,,
EPG_POD1_VLAN232,,TEN_INET,AP_POD1_ALL,BD_POD1_VLAN232,PHYSDOM_POD1,POD1_ACI_dvSwitch1,,,
EPG_POD1_VLAN233,,TEN_INET,AP_POD1_ALL,BD_POD1_VLAN233,PHYSDOM_POD1,POD1_ACI_dvSwitch1,,,
EPG_POD1_VLAN234,,TEN_INET,AP_POD1_ALL,BD_POD1_VLAN234,PHYSDOM_POD1,POD1_ACI_dvSwitch1,,,
EPG_POD1_VLAN235,,TEN_INET,AP_POD1_ALL,BD_POD1_VLAN235,PHYSDOM_POD1,POD1_ACI_dvSwitch1,,,
EPG_POD1_VLAN236,,TEN_INET,AP_POD1_ALL,BD_POD1_VLAN236,PHYSDOM_POD1,POD1_ACI_dvSwitch1,,,
EPG_POD1_VLAN237,,TEN_INET,AP_POD1_ALL,BD_POD1_VLAN237,PHYSDOM_POD1,,,,
EPG_POD1_VLAN238,,TEN_INET,AP_POD1_ALL,BD_POD1_VLAN238,PHYSDOM_POD1,,,,
EPG_POD1_VLAN239,,TEN_INET,AP_POD1_ALL,BD_POD1_VLAN239,PHYSDOM_POD1,,,,
EPG_POD1_VLAN240,,TEN_INET,AP_POD1_ALL,BD_POD1_VLAN240,PHYSDOM_POD1,,,,
EPG_POD1_VLAN241,,TEN_INET,AP_POD1_ALL,BD_POD1_VLAN241,PHYSDOM_POD1,,,,
EPG_POD1_VLAN242,,TEN_INET,AP_POD1_ALL,BD_POD1_VLAN242,PHYSDOM_POD1,,,,
EPG_POD1_VLAN243,,TEN_INET,AP_POD1_ALL,BD_POD1_VLAN243,PHYSDOM_POD1,,,,
EPG_POD1_VLAN244,,TEN_INET,AP_POD1_ALL,BD_POD1_VLAN244,PHYSDOM_POD1,,,,
EPG_POD1_VLAN245,,TEN_INET,AP_POD1_ALL,BD_POD1_VLAN245,PHYSDOM_POD1,,,,
EPG_POD1_VLAN246,,TEN_INET,AP_POD1_ALL,BD_POD1_VLAN246,PHYSDOM_POD1,POD1_ACI_dvSwitch1,,,
EPG_POD1_VLAN247,,TEN_INET,AP_POD1_ALL,BD_POD1_VLAN247,PHYSDOM_POD1,,,,
EPG_POD1_VLAN248,,TEN_INET,AP_POD1_ALL,BD_POD1_VLAN248,PHYSDOM_POD1,,,,
EPG_POD1_VLAN249,,TEN_INET,AP_POD1_ALL,BD_POD1_VLAN249,PHYSDOM_POD1,,,,
EPG_POD1_VLAN250,,TEN_INET,AP_POD1_ALL,BD_POD1_VLAN250,PHYSDOM_POD1,,,,
EPG_POD1_VLAN251,,TEN_INET,AP_POD1_ALL,BD_POD1_VLAN251,PHYSDOM_POD1,,,,
EPG_POD1_VLAN252,,TEN_INET,AP_POD1_ALL,BD_POD1_VLAN252,PHYSDOM_POD1,,,,
EPG_POD1_VLAN253,,TEN_INET,AP_POD1_ALL,BD_POD1_VLAN253,PHYSDOM_POD1,,,,
EPG_POD1_VLAN254,,TEN_INET,AP_POD1_ALL,BD_POD1_VLAN254,PHYSDOM_POD1,,,,
EPG_POD1_VLAN255,,TEN_INET,AP_POD1_ALL,BD_POD1_VLAN255,PHYSDOM_POD1,,,,
EPG_POD1_VLAN256,,TEN_INET,AP_POD1_ALL,BD_POD1_VLAN256,PHYSDOM_POD1,,,,
EPG_POD1_VLAN257,,TEN_INET,AP_POD1_ALL,BD_POD1_VLAN257,PHYSDOM_POD1,,,,
EPG_POD1_VLAN258,,TEN_INET,AP_POD1_ALL,BD_POD1_VLAN258,PHYSDOM_POD1,,,,
EPG_POD1_VLAN259,,TEN_INET,AP_POD1_ALL,BD_POD1_VLAN259,PHYSDOM_POD1,,,,
EPG_POD1_VLAN260,,TEN_INET,AP_POD1_ALL,BD_POD1_VLAN260,PHYSDOM_POD1,,,,
EPG_POD1_VLAN261,,TEN_INET,AP_POD1_ALL,BD_POD1_VLAN261,PHYSDOM_POD1,,,,
EPG_POD1_VLAN262,,TEN_INET,AP_POD1_ALL,BD_POD1_VLAN262,PHYSDOM_POD1,,,,
EPG_POD1_VLAN263,,TEN_INET,AP_POD1_ALL,BD_POD1_VLAN263,PHYSDOM_POD1,,,,
EPG_POD1_VLAN264,,TEN_INET,AP_POD1_ALL,BD_POD1_VLAN264,PHYSDOM_POD1,,,,
EPG_POD1_VLAN265,,TEN_INET,AP_POD1_ALL,BD_POD1_VLAN265,PHYSDOM_POD1,,,,
EPG_POD1_VLAN266,,TEN_INET,AP_POD1_ALL,BD_POD1_VLAN266,PHYSDOM_POD1,,,,
EPG_POD1_VLAN267,,TEN_INET,AP_POD1_ALL,BD_POD1_VLAN267,PHYSDOM_POD1,,,,
EPG_POD1_VLAN268,,TEN_INET,AP_POD1_ALL,BD_POD1_VLAN268,PHYSDOM_POD1,,,,
EPG_POD1_VLAN269,,TEN_INET,AP_POD1_ALL,BD_POD1_VLAN269,PHYSDOM_POD1,,,,
EPG_POD1_VLAN270,,TEN_INET,AP_POD1_ALL,BD_POD1_VLAN270,PHYSDOM_POD1,,,,
EPG_POD1_VLAN271,,TEN_INET,AP_POD1_ALL,BD_POD1_VLAN271,PHYSDOM_POD1,,,,
EPG_POD1_VLAN272,,TEN_INET,AP_POD1_ALL,BD_POD1_VLAN272,PHYSDOM_POD1,,,,
EPG_POD1_VLAN273,,TEN_INET,AP_POD1_ALL,BD_POD1_VLAN273,PHYSDOM_POD1,,,,
EPG_POD1_VLAN274,,TEN_INET,AP_POD1_ALL,BD_POD1_VLAN274,PHYSDOM_POD1,,,,
EPG_POD1_VLAN275,,TEN_INET,AP_POD1_ALL,BD_POD1_VLAN275,PHYSDOM_POD1,,,,
EPG_POD1_VLAN276,,TEN_INET,AP_POD1_ALL,BD_POD1_VLAN276,PHYSDOM_POD1,,,,
EPG_POD1_VLAN277,,TEN_INET,AP_POD1_ALL,BD_POD1_VLAN277,PHYSDOM_POD1,,,,
EPG_POD1_VLAN278,,TEN_INET,AP_POD1_ALL,BD_POD1_VLAN278,PHYSDOM_POD1,,,,
EPG_POD1_VLAN279,,TEN_INET,AP_POD1_ALL,BD_POD1_VLAN279,PHYSDOM_POD1,,,,
EPG_POD1_VLAN280,,TEN_INET,AP_POD1_ALL,BD_POD1_VLAN280,PHYSDOM_POD1,,,,
EPG_POD1_VLAN281,,TEN_INET,AP_POD1_ALL,BD_POD1_VLAN281,PHYSDOM_POD1,,,,
EPG_POD1_VLAN282,,TEN_INET,AP_POD1_ALL,BD_POD1_VLAN282,PHYSDOM_POD1,,,,
EPG_POD1_VLAN283,,TEN_INET,AP_POD1_ALL,BD_POD1_VLAN283,PHYSDOM_POD1,,,,
EPG_POD1_VLAN284,,TEN_INET,AP_POD1_ALL,BD_POD1_VLAN284,PHYSDOM_POD1,,,,
EPG_POD1_VLAN285,,TEN_INET,AP_POD1_ALL,BD_POD1_VLAN285,PHYSDOM_POD1,,,,
EPG_POD1_VLAN286,,TEN_INET,AP_POD1_ALL,BD_POD1_VLAN286,PHYSDOM_POD1,,,,
EPG_POD1_VLAN287,,TEN_INET,AP_POD1_ALL,BD_POD1_VLAN287,PHYSDOM_POD1,,,,
EPG_POD1_VLAN288,,TEN_INET,AP_POD1_ALL,BD_POD1_VLAN288,PHYSDOM_POD1,,,,
EPG_POD1_VLAN289,,TEN_INET,AP_POD1_ALL,BD_POD1_VLAN289,PHYSDOM_POD1,,,,
EPG_POD1_VLAN290,,TEN_INET,AP_POD1_ALL,BD_POD1_VLAN290,PHYSDOM_POD1,,,,
EPG_POD1_VLAN291,,TEN_INET,AP_POD1_ALL,BD_POD1_VLAN291,PHYSDOM_POD1,,,,
EPG_POD1_VLAN292,,TEN_INET,AP_POD1_ALL,BD_POD1_VLAN292,PHYSDOM_POD1,,,,
EPG_POD1_VLAN293,,TEN_INET,AP_POD1_ALL,BD_POD1_VLAN293,PHYSDOM_POD1,,,,
EPG_POD1_VLAN294,,TEN_INET,AP_POD1_ALL,BD_POD1_VLAN294,PHYSDOM_POD1,,,,
EPG_POD1_VLAN295,,TEN_INET,AP_POD1_ALL,BD_POD1_VLAN295,PHYSDOM_POD1,,,,
EPG_POD1_VLAN296,,TEN_INET,AP_POD1_ALL,BD_POD1_VLAN296,PHYSDOM_POD1,,,,
EPG_POD1_VLAN297,,TEN_INET,AP_POD1_ALL,BD_POD1_VLAN297,PHYSDOM_POD1,,,,
EPG_POD1_VLAN298,,TEN_INET,AP_POD1_ALL,BD_POD1_VLAN298,PHYSDOM_POD1,,,,
EPG_POD1_VLAN299,,TEN_INET,AP_POD1_ALL,BD_POD1_VLAN299,PHYSDOM_POD1,,,,
EPG_POD1_VLAN300,,TEN_INET,AP_POD1_ALL,BD_POD1_VLAN300,PHYSDOM_POD1,,,,
EPG_POD1_VLAN301,,TEN_INET,AP_POD1_ALL,BD_POD1_VLAN301,PHYSDOM_POD1,,,,
EPG_POD1_VLAN302,,TEN_INET,AP_POD1_ALL,BD_POD1_VLAN302,PHYSDOM_POD1,,,,
EPG_POD1_VLAN303,,TEN_INET,AP_POD1_ALL,BD_POD1_VLAN303,PHYSDOM_POD1,,,,
EPG_POD1_VLAN304,,TEN_INET,AP_POD1_ALL,BD_POD1_VLAN304,PHYSDOM_POD1,,,,
EPG_POD1_VLAN305,,TEN_INET,AP_POD1_ALL,BD_POD1_VLAN305,PHYSDOM_POD1,,,,
EPG_POD1_VLAN306,,TEN_INET,AP_POD1_ALL,BD_POD1_VLAN306,PHYSDOM_POD1,,,,
EPG_POD1_VLAN307,,TEN_INET,AP_POD1_ALL,BD_POD1_VLAN307,PHYSDOM_POD1,,,,
EPG_POD1_VLAN308,,TEN_INET,AP_POD1_ALL,BD_POD1_VLAN308,PHYSDOM_POD1,,,,
EPG_POD1_VLAN309,,TEN_INET,AP_POD1_ALL,BD_POD1_VLAN309,PHYSDOM_POD1,,,,
EPG_POD1_VLAN310,,TEN_INET,AP_POD1_ALL,BD_POD1_VLAN310,PHYSDOM_POD1,,,,
EPG_POD1_VLAN311,,TEN_INET,AP_POD1_ALL,BD_POD1_VLAN311,PHYSDOM_POD1,,,,
EPG_POD1_VLAN312,,TEN_INET,AP_POD1_ALL,BD_POD1_VLAN312,PHYSDOM_POD1,,,,
EPG_POD1_VLAN313,,TEN_INET,AP_POD1_ALL,BD_POD1_VLAN313,PHYSDOM_POD1,,,,
EPG_POD1_VLAN314,,TEN_INET,AP_POD1_ALL,BD_POD1_VLAN314,PHYSDOM_POD1,,,,
EPG_POD1_VLAN315,,TEN_INET,AP_POD1_ALL,BD_POD1_VLAN315,PHYSDOM_POD1,,,,
EPG_POD1_VLAN316,,TEN_INET,AP_POD1_ALL,BD_POD1_VLAN316,PHYSDOM_POD1,,,,
EPG_POD1_VLAN317,,TEN_INET,AP_POD1_ALL,BD_POD1_VLAN317,PHYSDOM_POD1,,,,
EPG_POD1_VLAN318,,TEN_INET,AP_POD1_ALL,BD_POD1_VLAN318,PHYSDOM_POD1,,,,
EPG_POD1_VLAN319,,TEN_INET,AP_POD1_ALL,BD_POD1_VLAN319,PHYSDOM_POD1,,,,
EPG_POD1_VLAN320,,TEN_INET,AP_POD1_ALL,BD_POD1_VLAN320,PHYSDOM_POD1,,,,
EPG_POD1_VLAN321,,TEN_INET,AP_POD1_ALL,BD_POD1_VLAN321,PHYSDOM_POD1,,,,
EPG_POD1_VLAN322,,TEN_INET,AP_POD1_ALL,BD_POD1_VLAN322,PHYSDOM_POD1,,,,
EPG_POD1_VLAN323,,TEN_INET,AP_POD1_ALL,BD_POD1_VLAN323,PHYSDOM_POD1,,,,
EPG_POD1_VLAN324,,TEN_INET,AP_POD1_ALL,BD_POD1_VLAN324,PHYSDOM_POD1,,,,
EPG_POD1_VLAN325,,TEN_INET,AP_POD1_ALL,BD_POD1_VLAN325,PHYSDOM_POD1,,,,
EPG_POD1_VLAN326,,TEN_INET,AP_POD1_ALL,BD_POD1_VLAN326,PHYSDOM_POD1,,,,
EPG_POD1_VLAN327,,TEN_INET,AP_POD1_ALL,BD_POD1_VLAN327,PHYSDOM_POD1,,,,
EPG_POD1_VLAN328,,TEN_INET,AP_POD1_ALL,BD_POD1_VLAN328,PHYSDOM_POD1,,,,
EPG_POD1_VLAN329,,TEN_INET,AP_POD1_ALL,BD_POD1_VLAN329,PHYSDOM_POD1,,,,
EPG_POD1_VLAN330,,TEN_INET,AP_POD1_ALL,BD_POD1_VLAN330,PHYSDOM_POD1,,,,
EPG_POD1_VLAN331,,TEN_INET,AP_POD1_ALL,BD_POD1_VLAN331,PHYSDOM_POD1,,,,
EPG_POD1_VLAN332,,TEN_INET,AP_POD1_ALL,BD_POD1_VLAN332,PHYSDOM_POD1,,,,
EPG_POD1_VLAN333,,TEN_INET,AP_POD1_ALL,BD_POD1_VLAN333,PHYSDOM_POD1,,,,
EPG_POD1_VLAN334,,TEN_INET,AP_POD1_ALL,BD_POD1_VLAN334,PHYSDOM_POD1,,,,
EPG_POD1_VLAN335,,TEN_INET,AP_POD1_ALL,BD_POD1_VLAN335,PHYSDOM_POD1,,,,
EPG_POD1_VLAN336,,TEN_INET,AP_POD1_ALL,BD_POD1_VLAN336,PHYSDOM_POD1,,,,
EPG_POD1_VLAN337,,TEN_INET,AP_POD1_ALL,BD_POD1_VLAN337,PHYSDOM_POD1,,,,
EPG_POD1_VLAN338,,TEN_INET,AP_POD1_ALL,BD_POD1_VLAN338,PHYSDOM_POD1,,,,
EPG_POD1_VLAN339,,TEN_INET,AP_POD1_ALL,BD_POD1_VLAN339,PHYSDOM_POD1,,,,
EPG_POD1_VLAN340,,TEN_INET,AP_POD1_ALL,BD_POD1_VLAN340,PHYSDOM_POD1,,,,
EPG_POD1_VLAN341,,TEN_INET,AP_POD1_ALL,BD_POD1_VLAN341,PHYSDOM_POD1,,,,
EPG_POD1_VLAN342,,TEN_INET,AP_POD1_ALL,BD_POD1_VLAN342,PHYSDOM_POD1,,,,
EPG_POD1_VLAN343,,TEN_INET,AP_POD1_ALL,BD_POD1_VLAN343,PHYSDOM_POD1,,,,
EPG_POD1_VLAN344,,TEN_INET,AP_POD1_ALL,BD_POD1_VLAN344,PHYSDOM_POD1,,,,
EPG_POD1_VLAN345,,TEN_INET,AP_POD1_ALL,BD_POD1_VLAN345,PHYSDOM_POD1,,,,
EPG_POD1_VLAN346,,TEN_INET,AP_POD1_ALL,BD_POD1_VLAN346,PHYSDOM_POD1,,,,
EPG_POD1_VLAN347,,TEN_INET,AP_POD1_ALL,BD_POD1_VLAN347,PHYSDOM_POD1,,,,
EPG_POD1_VLAN348,,TEN_INET,AP_POD1_ALL,BD_POD1_VLAN348,PHYSDOM_POD1,,,,
EPG_POD1_VLAN349,,TEN_INET,AP_POD1_ALL,BD_POD1_VLAN349,PHYSDOM_POD1,,,,
EPG_POD1_VLAN350,,TEN_INET,AP_POD1_ALL,BD_POD1_VLAN350,PHYSDOM_POD1,,,,
EPG_POD1_VLAN351,,TEN_INET,AP_POD1_ALL,BD_POD1_VLAN351,PHYSDOM_POD1,,,,
EPG_POD1_VLAN352,,TEN_INET,AP_POD1_ALL,BD_POD1_VLAN352,PHYSDOM_POD1,,,,
EPG_POD1_VLAN353,,TEN_INET,AP_POD1_ALL,BD_POD1_VLAN353,PHYSDOM_POD1,,,,
EPG_POD1_VLAN354,,TEN_INET,AP_POD1_ALL,BD_POD1_VLAN354,PHYSDOM_POD1,,,,
EPG_POD1_VLAN355,,TEN_INET,AP_POD1_ALL,BD_POD1_VLAN355,PHYSDOM_POD1,,,,
EPG_POD1_VLAN356,,TEN_INET,AP_POD1_ALL,BD_POD1_VLAN356,PHYSDOM_POD1,,,,
EPG_POD1_VLAN357,,TEN_INET,AP_POD1_ALL,BD_POD1_VLAN357,PHYSDOM_POD1,,,,
EPG_POD1_VLAN358,,TEN_INET,AP_POD1_ALL,BD_POD1_VLAN358,PHYSDOM_POD1,,,,
EPG_POD1_VLAN359,,TEN_INET,AP_POD1_ALL,BD_POD1_VLAN359,PHYSDOM_POD1,,,,
EPG_POD1_VLAN360,,TEN_INET,AP_POD1_ALL,BD_POD1_VLAN360,PHYSDOM_POD1,,,,
EPG_POD1_VLAN361,,TEN_INET,AP_POD1_ALL,BD_POD1_VLAN361,PHYSDOM_POD1,,,,
EPG_POD1_VLAN362,,TEN_INET,AP_POD1_ALL,BD_POD1_VLAN362,PHYSDOM_POD1,,,,
EPG_POD1_VLAN363,,TEN_INET,AP_POD1_ALL,BD_POD1_VLAN363,PHYSDOM_POD1,,,,
EPG_POD1_VLAN364,,TEN_INET,AP_POD1_ALL,BD_POD1_VLAN364,PHYSDOM_POD1,,,,
EPG_POD1_VLAN365,,TEN_INET,AP_POD1_ALL,BD_POD1_VLAN365,PHYSDOM_POD1,,,,
EPG_POD1_VLAN366,,TEN_INET,AP_POD1_ALL,BD_POD1_VLAN366,PHYSDOM_POD1,,,,
EPG_POD1_VLAN367,,TEN_INET,AP_POD1_ALL,BD_POD1_VLAN367,PHYSDOM_POD1,,,,
EPG_POD1_VLAN368,,TEN_INET,AP_POD1_ALL,BD_POD1_VLAN368,PHYSDOM_POD1,,,,
EPG_POD1_VLAN369,,TEN_INET,AP_POD1_ALL,BD_POD1_VLAN369,PHYSDOM_POD1,,,,
EPG_POD1_VLAN370,,TEN_INET,AP_POD1_ALL,BD_POD1_VLAN370,PHYSDOM_POD1,,,,
EPG_POD1_VLAN371,,TEN_INET,AP_POD1_ALL,BD_POD1_VLAN371,PHYSDOM_POD1,,,,
EPG_POD1_VLAN372,,TEN_INET,AP_POD1_ALL,BD_POD1_VLAN372,PHYSDOM_POD1,,,,
EPG_POD1_VLAN373,,TEN_INET,AP_POD1_ALL,BD_POD1_VLAN373,PHYSDOM_POD1,,,,
EPG_POD1_VLAN374,,TEN_INET,AP_POD1_ALL,BD_POD1_VLAN374,PHYSDOM_POD1,,,,
EPG_POD1_VLAN375,,TEN_INET,AP_POD1_ALL,BD_POD1_VLAN375,PHYSDOM_POD1,,,,
EPG_POD1_VLAN376,,TEN_INET,AP_POD1_ALL,BD_POD1_VLAN376,PHYSDOM_POD1,,,,
EPG_POD1_VLAN377,,TEN_INET,AP_POD1_ALL,BD_POD1_VLAN377,PHYSDOM_POD1,,,,
EPG_POD4_VLAN1100,,TEN_INET,AP_POD4_ALL,BD_POD4_VLAN1100,PHYSDOM_POD4,POD4_ACI_dvSwitch1,,,
EPG_POD4_VLAN1101,,TEN_INET,AP_POD4_ALL,BD_POD4_VLAN1101,PHYSDOM_POD4,POD4_ACI_dvSwitch1,,,
EPG_POD4_VLAN1102,,TEN_INET,AP_POD4_ALL,BD_POD4_VLAN1102,PHYSDOM_POD4,POD4_ACI_dvSwitch1,,,
EPG_POD4_VLAN1103,,TEN_INET,AP_POD4_ALL,BD_POD4_VLAN1103,PHYSDOM_POD4,POD4_ACI_dvSwitch1,,,
EPG_POD4_VLAN1104,,TEN_INET,AP_POD4_ALL,BD_POD4_VLAN1104,PHYSDOM_POD4,,,,
EPG_POD4_VLAN1105,,TEN_INET,AP_POD4_ALL,BD_POD4_VLAN1105,PHYSDOM_POD4,POD4_ACI_dvSwitch1,,,
EPG_POD4_VLAN1106,,TEN_INET,AP_POD4_ALL,BD_POD4_VLAN1106,PHYSDOM_POD4,POD4_ACI_dvSwitch1,,,
EPG_POD4_VLAN1107,,TEN_INET,AP_POD4_ALL,BD_POD4_VLAN1107,PHYSDOM_POD4,POD4_ACI_dvSwitch1,,,
EPG_POD4_VLAN1108,,TEN_INET,AP_POD4_ALL,BD_POD4_VLAN1108,PHYSDOM_POD4,POD4_ACI_dvSwitch1,,,
EPG_POD4_VLAN1109,,TEN_INET,AP_POD4_ALL,BD_POD4_VLAN1109,PHYSDOM_POD4,POD4_ACI_dvSwitch1,,,
EPG_POD4_VLAN1110,,TEN_PROJECT,AP_POD4_ALL,BD_POD4_VLAN1110,PHYSDOM_POD4,POD4_ACI_dvSwitch1,,,
EPG_POD4_VLAN1111,,TEN_PROJECT,AP_POD4_ALL,BD_POD4_VLAN1111,PHYSDOM_POD4,POD4_ACI_dvSwitch1,,,
EPG_POD4_VLAN1112,,TEN_PROJECT,AP_POD4_ALL,BD_POD4_VLAN1112,PHYSDOM_POD4,POD4_ACI_dvSwitch1,,,
EPG_POD4_VLAN1113,,TEN_INET,AP_POD4_ALL,BD_POD4_VLAN1113,PHYSDOM_POD4,,,,
EPG_POD4_VLAN1114,,TEN_INET,AP_POD4_ALL,BD_POD4_VLAN1114,PHYSDOM_POD4,,,,
EPG_POD4_VLAN1115,,TEN_INET,AP_POD4_ALL,BD_POD4_VLAN1115,PHYSDOM_POD4,,,,
EPG_POD4_VLAN1116,,TEN_INET,AP_POD4_ALL,BD_POD4_VLAN1116,PHYSDOM_POD4,,,,
EPG_POD4_VLAN1117,,TEN_INET,AP_POD4_ALL,BD_POD4_VLAN1117,PHYSDOM_POD4,,,,
EPG_POD4_VLAN1118,,TEN_INET,AP_POD4_ALL,BD_POD4_VLAN1118,PHYSDOM_POD4,,,,
